{"cameraMode":{"drawMode":0,"name":"Shaded","section":"Shading Mode"},"sceneLighting":false,"audioPlay":false,"sceneViewState":{"m_AlwaysRefresh":false,"showFog":true,"showSkybox":false,"showFlares":true,"showImageEffects":true,"showParticleSystems":true,"showVisualEffectGraphs":true,"m_FxEnabled":true},"in2DMode":false,"pivot":{"x":0.00013786554336547852,"y":0.9069244861602783,"z":-0.021022886037826539},"rotation":{"x":0.2476053684949875,"y":-0.6490735411643982,"z":0.23659396171569825,"w":0.6794605255126953},"size":1.31918203830719,"orthographic":false}