{"cameraMode":{"drawMode":0,"name":"Shaded","section":"Shading Mode"},"sceneLighting":false,"audioPlay":false,"sceneViewState":{"m_AlwaysRefresh":false,"showFog":false,"showSkybox":false,"showFlares":false,"showImageEffects":false,"showParticleSystems":false,"showVisualEffectGraphs":true,"m_FxEnabled":true},"in2DMode":false,"pivot":{"x":0.010957032442092896,"y":0.8919634819030762,"z":0.028097450733184816},"rotation":{"x":0.2476053684949875,"y":-0.6490735411643982,"z":0.23659396171569825,"w":0.6794605255126953},"size":1.053512692451477,"orthographic":false}